Volunteer ID,OT ID
1,30
2,68
3,13
4,18
5,15
6,10
7,14
8,55
9,33
10,26
11,29
12,16
13,56
14,28
15,28
16,22
17,58
18,34
19,48
20,41
21,9
22,40
23,36
24,1
25,29
26,35
27,51
28,17
29,40
30,37
31,38
32,59
33,15
34,38
35,39
36,8
37,19
38,47
39,14
40,27
41,42
42,65
43,25
44,44
45,5
46,41
47,13
48,51
49,36
50,45
51,7
52,37
53,48
54,43
55,64
56,46
57,61
58,55
59,50
60,8
61,60
62,44
63,12
64,63
65,53
66,69
67,7
68,6
69,49
70,62
71,5
72,20
73,70
74,39
75,31
76,57
77,11
78,9
79,23
80,32
81,2
82,21
83,4
84,26
85,66
86,54
87,52
88,6
89,4
90,3
91,50
92,49
93,31
94,30
95,67
96,42
97,27
98,43
99,24