Registration ID,Event Number
2021807,2
2021614,18
2021983,9
2021566,20
2021178,7
2021253,25
2021971,2
2021361,8
2021834,16
2021230,16
2021453,28
2021524,19
2021559,3
2021287,8
2021440,18
2021154,25
2021389,25
2021185,30
2021843,26
2021522,1
2021770,28
2021497,25
2021897,24
2021711,12
2021329,24
2021694,11
2021452,15
2021638,21
2021205,6
2021093,3
2021863,21
2021748,3
2021585,15
2021405,21
2021776,17
2021886,7
2021715,9
2021021,12
2021007,14
2021627,23
2021139,28
2021645,17
2021058,1
2021822,29
2021331,30
2021580,11
2021531,23
2021231,11
2021206,4
2021787,19
2021893,5
2021907,4
2021233,6
2021824,8
2021528,28
2021408,11
2021971,5
2021894,10
2021049,18
2021041,26
2021921,23
2021548,1
2021129,17
2021040,9
2021503,16
2021029,30
2021949,5
2021019,26
2021833,10
2021839,28
2021480,21
2021102,25
2021710,8
2021884,15
2021460,1
2021819,2
2021914,3
2021488,19
2021841,10
2021257,2
2021443,22
2021598,3
2021951,17
2021973,3
2021846,25
2021777,25
2021374,17
2021849,11
2021114,21
2021950,30
2021761,30
2021445,25
2021962,5
2021405,1
2021418,13
2021353,9
2021447,17
2021280,1
2021530,17
2021751,29
2021984,11
2021232,22
2021552,20
2021372,26
2021643,9
2021024,9
2021092,14
2021956,25
2021304,14
2021533,6
2021546,26
2021830,27
2021930,29
2021237,17
2021770,20
2021037,18
2021715,12
2021663,29
2021243,16
2021188,16
2021180,19
2021255,4
2021573,19
2021130,13
2021758,9
2021205,12
2021007,1
2021820,4
2021814,3
2021183,8
2021265,21
2021786,18
2021163,12
2021747,24
2021448,22
2021918,18
2021123,23
2021230,4
2021610,28
2021227,15
2021084,2
2021084,10
2021817,14
2021917,14
2021367,10
2021962,6
2021159,4
2021293,28
2021891,28
2021311,16
2021238,16
2021074,11
2021769,24
2021917,19
2021114,1
2021167,10
2021524,3
2021560,1
2021551,10
2021276,26
2021031,3
2021987,24
2021675,13
2021601,15
2021645,24
2021426,29
2021838,24
2021415,20
2021243,26
2021197,24
2021559,17
2021586,10
2021062,12
2021341,7
2021914,8
2021907,16
2021268,12
2021800,8
2021613,18
2021685,17
2021186,4
2021405,11
2021356,19
2021199,20
2022000,26
2021795,15
2021699,22
2021473,1
2021486,29
2021463,26
2021850,3
2021328,17
2021090,15
2021308,8
2021268,29
2021805,22
2021199,5
2021433,2
2021917,13
2021880,19
2021009,13
2021442,18
2021315,30
2021855,10
2021774,21
2021158,2
2021315,20
2021916,19
2021553,29
2021508,25
2021621,24
2021147,19
2021785,18
2021305,10
2021679,5
2021717,13
2021166,30
2021787,6
2021476,14
2021028,14
2021316,13
2021080,24
2021177,12
2021410,22
2021692,2
2021197,1
2021295,18
2021280,5
2021036,5
2021773,22
2021256,5
2021818,29
2021401,25
2021537,2
2021817,11
2021855,6
2021469,3
2021405,15
2021769,10
2021112,2
2021433,17
2021174,12
2021788,29
2021903,22
2021192,19
2021009,10
2021026,22
2021104,8
2021996,11
2021342,6
2021341,5
2021592,15
2021941,2
2021287,12
2021587,20
2021248,24
2021945,18
2021431,13
2021464,28
2021390,23
2021880,22
2021689,27
2021835,13
2021702,13
2021607,13
2021917,11
2021245,22
2021786,21
2021505,4
2021175,7
2021630,28
2021010,2
2021956,6
2021829,27
2021830,14
2021654,6
2021933,27
2021172,29
2021602,14
2021260,15
2021503,14
2021895,29
2021250,18
2021712,28
2021554,22
2021504,11
2021882,14
2021776,27
2021530,29
2021762,20
2021563,28
2021790,14
2021295,25
2021312,3
2021311,10
2021694,26
2021500,7
2021931,21
2021967,18
2021859,7
2021978,21
2021237,25
2021448,18
2021000,8
2021794,5
2021312,2
2021825,24
2021030,9
2021506,17
2021372,29
2021904,20
2021854,18
2021104,2
2021534,24
2021773,29
2021979,21
2021879,26
2021779,28
2021824,10
2021288,2
2021124,29
2021397,13
2021332,17
2021501,2
2021263,24
2021553,18
2021558,23
2021620,25
2021373,23
2021141,27
2021710,24
2021170,17
2021614,1
2021749,26
2021816,10
2021137,10
2021294,11
2021389,29
2021706,19
2021275,26
2021579,24
2021638,9
2021872,19
2021923,13
2021968,1
2021933,11
2021906,1
2021529,5
2021679,7
2021118,18
2021605,27
2021860,12